feature,group,spearman_r,p,n
NLRP3_axis,OA,0.683,0.00046162475908055156,22
NLRP3_axis,Normal,0.147,0.5350921069217449,20
NLRP3_axis,All,0.472,0.001609143337845027,42
ligand_receptor,OA,-0.454,0.03375487729336494,22
ligand_receptor,Normal,0.259,0.27066917866220486,20
ligand_receptor,All,0.218,0.16548821228921531,42
catabolic,OA,0.095,0.6726246617937428,22
catabolic,Normal,0.059,0.8059211995301011,20
catabolic,All,0.259,0.09724304351690982,42
homeostatic,OA,0.156,0.4884642771113455,22
homeostatic,Normal,0.108,0.6517298655038587,20
homeostatic,All,0.167,0.2904285912350528,42
NLRP3,OA,0.528,0.011483505804756402,22
NLRP3,Normal,0.551,0.011814097584918087,20
NLRP3,All,0.597,2.9730603027622613e-05,42
IL1B,OA,0.541,0.009285877085842343,22
IL1B,Normal,0.046,0.8461151628346991,20
IL1B,All,0.368,0.016645377167189033,42
CASP1,OA,0.511,0.015136076212105682,22
CASP1,Normal,0.247,0.29364180125526124,20
CASP1,All,0.416,0.006188526645218014,42
TXNIP,OA,0.127,0.5746578953201634,22
TXNIP,Normal,0.13,0.5854720814246522,20
TXNIP,All,-0.179,0.2556430229342157,42
SPP1,OA,-0.039,0.8642320697304862,22
SPP1,Normal,0.207,0.3822801068297084,20
SPP1,All,0.298,0.05512865974701041,42
CD44,OA,0.44,0.04024195430954374,22
CD44,Normal,0.097,0.6827684365303981,20
CD44,All,0.369,0.016336623448840563,42
THBS1,OA,-0.246,0.2696943073225761,22
THBS1,Normal,0.061,0.7973076143394006,20
THBS1,All,-0.205,0.19288915361792322,42
CD47,OA,0.073,0.7462625874373965,22
CD47,Normal,0.157,0.5089049999794993,20
CD47,All,0.276,0.07636320572696785,42
MMP13,OA,-0.032,0.8878556321293253,22
MMP13,Normal,0.054,0.8217026463437551,20
MMP13,All,0.305,0.049539446853935534,42
COL10A1,OA,-0.058,0.7979665962624901,22
COL10A1,Normal,-0.162,0.49459755227537194,20
COL10A1,All,0.132,0.4043132560799562,42
ACAN,OA,0.066,0.7719977972644733,22
ACAN,Normal,-0.39,0.0890212897102816,20
ACAN,All,-0.118,0.45687852156641756,42
COL2A1,OA,-0.26,0.243325680496742,22
COL2A1,Normal,0.069,0.7730271186329264,20
COL2A1,All,0.181,0.2522742474425076,42
SOX9,OA,0.376,0.08461134985118479,22
SOX9,Normal,0.318,0.17195992677387403,20
SOX9,All,-0.167,0.28944032854042256,42
PRG4,OA,0.34,0.12111467590604712,22
PRG4,Normal,0.364,0.11483502120513031,20
PRG4,All,0.174,0.26953093334863937,42
CYP24A1,OA,0.504,0.01674757645427541,22
CYP24A1,Normal,0.437,0.05402489212173132,20
CYP24A1,All,0.504,0.0006699034568189431,42
