feature,OA_mean,Normal_mean,diff,p_MWU
VDR,3.93,3.584,0.345,0.008489043975163375
NLRP3_axis,0.069,-0.076,0.145,0.24157047408831211
ligand_receptor,0.139,-0.153,0.292,0.004257575393140002
catabolic,0.207,-0.228,0.436,0.009145250285335926
homeostatic,0.069,-0.076,0.145,0.553963571006786
NLRP3,-0.949,-2.23,1.281,0.06601185039158694
IL1B,-2.803,-3.811,1.007,0.17124307364884095
CASP1,-0.86,-1.802,0.941,0.17491772261877236
PYCARD,2.693,2.72,-0.027,0.9899523652798128
GSDMD,4.312,4.034,0.278,0.16985927399608292
SPP1,6.777,4.207,2.569,0.0011077266894584125
CD44,8.509,7.976,0.532,0.008489043975163375
THBS1,9.625,10.629,-1.004,0.037720969907988205
CD47,7.092,6.955,0.137,0.2623761469314807
MMP13,4.436,0.68,3.756,6.926136692466979e-06
COL10A1,5.605,3.961,1.645,0.004604642433314563
ACAN,13.256,13.152,0.105,0.5881584869763683
COL2A1,14.261,11.536,2.725,4.750070635645078e-05
SOX9,7.845,9.922,-2.077,2.9687138436161496e-07
CYP24A1,-2.596,-3.064,0.468,0.6250893871863787
