SNP,effect_allele.exposure,other_allele.exposure,effect_allele.outcome,other_allele.outcome,beta.exposure,beta.outcome,eaf.exposure,eaf.outcome,remove,palindromic,ambiguous,id.outcome,se.outcome,pval.outcome,samplesize.outcome,units.outcome,outcome,se.exposure,pval.exposure,samplesize.exposure,units.exposure,id.exposure,exposure,action,SNP_index,mr_keep
rs12943633,T,C,T,C,0.0843719,0.0343528,0.0901586,0.102821,FALSE,FALSE,FALSE,FinnGen_knee_arthrosis_kneesurgery,0.0163321,0.0354315,,log odds,FinnGen_knee_arthrosis_kneesurgery,0.0207685,4.85713e-05,31684,SD,VDR_eqtlgen,VDR expression,2,1,TRUE
rs149110519,T,C,T,C,0.163208,-0.0236209,0.0526158,0.0258904,FALSE,FALSE,FALSE,FinnGen_knee_arthrosis_kneesurgery,0.0314146,0.452106,,log odds,FinnGen_knee_arthrosis_kneesurgery,0.0266223,8.76577e-10,31684,SD,VDR_eqtlgen,VDR expression,2,1,TRUE
rs2594836,A,G,A,G,-0.0588192,0.0135229,0.749651,0.728109,FALSE,FALSE,FALSE,FinnGen_knee_arthrosis_kneesurgery,0.0111139,0.223697,,log odds,FinnGen_knee_arthrosis_kneesurgery,0.0137297,1.83561e-05,31684,SD,VDR_eqtlgen,VDR expression,2,1,TRUE
rs28498283,T,A,T,A,0.0656404,-0.0159394,0.254318,0.26146,FALSE,TRUE,FALSE,FinnGen_knee_arthrosis_kneesurgery,0.0113089,0.158702,,log odds,FinnGen_knee_arthrosis_kneesurgery,0.013656,1.53518e-06,31684,SD,VDR_eqtlgen,VDR expression,2,1,TRUE
rs35979828,T,C,T,C,0.12901,-0.0100293,0.0571059,0.0227495,FALSE,FALSE,FALSE,FinnGen_knee_arthrosis_kneesurgery,0.0339373,0.767593,,log odds,FinnGen_knee_arthrosis_kneesurgery,0.0256261,4.79855e-07,31684,SD,VDR_eqtlgen,VDR expression,2,1,TRUE
rs372883,C,T,C,T,0.0551944,0.00673755,0.494776,0.434754,FALSE,FALSE,FALSE,FinnGen_knee_arthrosis_kneesurgery,0.00997788,0.499518,,log odds,FinnGen_knee_arthrosis_kneesurgery,0.0118951,3.4841e-06,31684,SD,VDR_eqtlgen,VDR expression,2,1,TRUE
rs4142441,G,A,G,A,0.0804768,-0.00168454,0.156066,0.153746,FALSE,FALSE,FALSE,FinnGen_knee_arthrosis_kneesurgery,0.0137225,0.902299,,log odds,FinnGen_knee_arthrosis_kneesurgery,0.0163857,9.04274e-07,31684,SD,VDR_eqtlgen,VDR expression,2,1,TRUE
rs58067800,A,G,A,G,-0.0663201,-0.0195753,0.167422,0.195883,FALSE,FALSE,FALSE,FinnGen_knee_arthrosis_kneesurgery,0.0124752,0.116616,,log odds,FinnGen_knee_arthrosis_kneesurgery,0.0159316,3.14369e-05,31684,SD,VDR_eqtlgen,VDR expression,2,1,TRUE
rs7485057,C,T,C,T,0.201307,-0.0307057,0.7458,0.681941,FALSE,FALSE,FALSE,FinnGen_knee_arthrosis_kneesurgery,0.0105679,0.00366589,,log odds,FinnGen_knee_arthrosis_kneesurgery,0.0135639,7.90861e-50,31684,SD,VDR_eqtlgen,VDR expression,2,1,TRUE
rs7975232,A,C,A,C,-0.186133,0.00670089,0.525239,0.552904,FALSE,FALSE,FALSE,FinnGen_knee_arthrosis_kneesurgery,0.00996164,0.501158,,log odds,FinnGen_knee_arthrosis_kneesurgery,0.0118153,6.50879e-56,31684,SD,VDR_eqtlgen,VDR expression,2,1,TRUE
