cluster,n,HomC,HTC,preHTC,FC,ProC,EC,RegC,vdr_frac,vdr_n
0,3385,0.858307857998787,-0.308007398286064,0.4501414876484,-0.340923572307813,-0.250566928480873,0.358375064397829,0.260296833346809,0.0561299852289513,190
1,3075,-0.154833434096601,-0.466843883737651,-0.359775200575086,-0.373311860915035,-0.244190975570768,0.324198742150434,0.191246855059327,0.0344715447154472,106
10,1388,0.537879172998242,-0.387385369141854,-0.0130223503727668,0.474284344652394,-0.254210472303781,0.321257705058092,-0.304803767067854,0.0468299711815562,65
11,1355,0.0774008105547717,1.3853877994478,1.5691753255475,-0.285001738198643,-0.250055218683411,-1.06607357766775,0.0409209941851896,0.0553505535055351,75
12,1337,0.222672698642221,0.184635869925098,0.268543956439775,0.149756275431139,-0.251498362743807,0.652589711868218,-0.14246992607865,0.0426327599102468,57
13,882,-0.148049034051198,-0.406011774158834,-0.39587349247789,-0.49848524942958,-0.245273197719917,0.485113064331936,0.977924102131063,0.0374149659863946,33
14,368,0.398293649818767,2.42146718509937,0.991495739731264,-0.506850019558722,-0.252717938181437,-0.599887009654107,0.234406554881137,0.0978260869565217,36
15,155,-1.09820972288111,-0.464917918302847,-0.554992463451203,-0.614421664964345,-0.185458539318367,-1.22882978899371,-0.00199623532028896,0.00645161290322581,1
16,52,-1.17542103900684,0.0354709280364582,0.232262389651276,-0.935384683181179,-0.0475531227049272,-1.20784794224775,1.20506596877683,0.230769230769231,12
17,27,-0.298152403908086,-0.116619076935481,-0.475735694697906,0.621234376165623,4.00130768677207,0.899498234032485,-0.630093457358795,0,0
2,2365,0.447416704233419,-0.447789458864792,-0.57237011746753,0.680242944963674,-0.260375307953129,0.177191262446,-0.545860349687076,0.0452431289640592,107
3,1900,-0.172278542717619,-0.430737780165736,-0.654069200413787,-0.0299215680845399,-0.253277839115755,0.627274297249632,-0.0381496304394075,0.0447368421052632,85
4,1786,0.297268997380162,-0.382212744092373,-0.42593707367378,0.686569505704074,-0.2563179349879,0.208078663983747,-0.53863968538002,0.0470324748040314,84
5,1714,-0.0919541588029315,0.00745011651174616,-0.587892532127761,1.09688853847518,-0.245544790859202,-0.301233215688157,-0.442943511298117,0.0548424737456243,94
6,1579,0.00449510232124945,-0.322437688575501,0.482585743952589,-0.671079728808122,-0.248547164266797,-0.292827495583452,0.367142825502031,0.0348321722609246,55
7,1562,-0.544061650399843,-0.31489608853428,-0.471286240159778,-0.372771903502618,-0.248630389719558,0.328508690206332,0.0826149001664594,0.0704225352112676,110
8,1511,0.471354991781571,0.00234885103595721,0.290948925913716,0.499956689625573,-0.252426318124981,-0.195036909712586,-0.372542807455091,0.0787557908669755,119
9,1490,0.367870000135041,0.0110984307389833,0.225800796532971,0.419219313932936,-0.254663186037459,0.509650503822807,-0.342119663963548,0.0389261744966443,58
