gene,0,1,10,11,12,13,14,15,16,17,2,3,4,5,6,7,8,9
ACAN,3.56532769170609,2.99727862183214,2.61966981507829,3.40995630516556,2.98551830744409,3.00983327785329,3.63262905069776,0.550794374240665,0.753637440630125,1.67653265041531,2.11373145653221,2.09965743032129,2.51557872778034,0.949740470412459,3.47195831658077,2.30309715948945,2.6749912337392,3.17305810225934
COL2A1,3.55081757312316,2.27130980335275,3.92284517449536,1.71261408088168,2.81425174745146,2.04751345308626,2.21221067782746,0.910885885876328,1.01018703607607,2.03721129807414,3.33739841741786,1.91050550086059,3.60243390472003,1.13348879335697,2.23821580345924,0.93075259675043,3.0105437726817,3.41827703889302
SOX9,1.25509681533702,0.690958240322893,0.818714585722496,0.848888760015625,0.964494301856378,0.861313320315526,1.12119790154775,0.184741831849696,0.135259086564374,0.383411467700802,0.611299356263358,0.56259404343603,0.740620763547103,0.398087274302624,1.00775148147846,0.828250477957463,0.979145772288688,0.867692508937766
COMP,4.27386913151376,4.43926478704373,5.44704628851241,3.66969333905948,5.05976096091462,4.20294982908009,3.10339470571315,2.31204281680525,2.7786425789388,3.72016893101748,5.59420621050856,4.41461199056791,5.47175952349431,4.03166180946208,3.07852902488446,4.2739782890793,5.16175887831985,5.37265478874568
PRG4,1.21683388796723,0.164131134382507,0.558955304038116,0.170307481125463,0.0738756346670386,0.16799538200674,0.321117159004638,0.583258849661424,0.82325933963521,1.14713922727137,0.747369970689801,1.28664212325451,0.152582105237284,1.85396466004308,0.10418999872659,0.448025131051214,0.74857930619778,0.170092458589697
TIMP3,0.486922349012976,0.443531303616047,0.478442816954313,1.09713552624946,0.564909771712505,0.462789891367595,1.24490435708634,1.26127817685221,0.630086830103728,0.677567472783759,0.95441777334935,0.271505764551248,0.343135342542976,1.65021473969944,0.740924196104787,0.21433040123233,0.721127355486115,0.431716343194576
COL10A1,0.0328789560514792,0.074803284291668,0.0279014111723114,2.30625971730923,0.738252393552298,0.0894769195064962,1.09553002787921,0.0444934298352611,0.0921032035262572,0.0230055520342751,0.0210246173787574,0.0448497984383087,0.0580237348796106,0.0189938219170753,0.334098389664183,0.0578396468148586,0.282156597976987,0.398849724268234
IBSP,0.024779972175907,0.14656581384367,0.0720378624921436,2.42788324271909,0.839801934349783,0.14601178087999,1.41751163758005,0.0783931157400147,0.240950590930327,0.00788580727904945,0.0195334958617665,0.0926812728539421,0.0880653176350322,0.0606522433844715,0.0594648062370148,0.0350556310114122,0.727484433518754,0.371351233899869
MMP13,0.000484858430825516,0.000207562898529206,0.00513800525701318,0.00149831163745291,0.0008614939373586,0.00338125158475469,0,0,0.022737984236994,0.0230055520342751,0.00406842743322835,0.0040151269974543,0.00642977321367637,0.0256412252007705,0,0.0123358814052575,0.00627147968093081,0
RUNX2,0.0096935517212405,0.00160431478966709,0.00391411952416843,0.0742698430688674,0.0280192693283134,0.0015544497422516,0.290423889541167,0.010634758721318,0.0275736151552032,0.0202846087054051,0.00291969264040778,0.00239248688613769,0.00309465798256319,0.0487325371216373,0.00713379767959311,0.000884999995624151,0.0347083270042826,0.039250371859871
IHH,0.00279347405792288,0.000550038930398079,0.00068675629325935,0.106002404145062,0.0146671669213065,0.000902437282045038,0.271317366585178,0,0.0169326391168078,0,0.000202284918127274,0.00180453598306692,0,0.00117431545406182,0.00929765786865323,0.000457932735953169,0.0134894081296411,0.00700282954553132
ALPL,0.00117560897575302,0.00139653210585563,0.000932528868954945,0.0983442796030431,0.0700370709850691,0.000902891738788277,0.304481628328996,0.0152310363169368,0.0122498909388389,0,0.000703619878449789,0.00188697713711713,0.00174148316598173,0.00199197975136399,0.00129485046034092,0.000586556172421961,0.036988500652326,0.0445139359168508
COL1A1,0.0130482047780188,0.00753649256382128,0.0990085723050749,0.00772147333181997,0.0602283982757588,0.00638748746983755,0.00572905377726332,2.47801147847394,0.732180059086731,2.37224444880222,0.136190290964001,0.0762009773084646,0.129719694958352,2.12938179792093,0.00529811427138951,0.015563171304131,0.272810380343989,0.0165844410248796
COL3A1,1.62170253713567,0.941716171206455,3.02688788753194,0.342402466931293,1.29727705218686,0.675455606986764,0.549142902315075,2.4230922606007,1.28328305748247,3.71303667655031,2.95939159105073,1.85692270376664,3.56107509858968,3.33240524678224,0.468935159652779,0.470274386790145,2.15294278694832,1.73537724175127
DCN,4.87876548042584,5.47383576374689,5.13630924031732,5.24192321619756,5.58705113523042,5.35176173092106,4.76398019914758,1.96932944717699,2.40086834493957,3.42037175162483,5.12524311633413,5.02666494501354,5.34340147052456,4.22721551668663,4.63782463584666,4.52024682994303,4.91376060371407,5.42291930511979
FN1,3.16268804497737,2.74637466210912,4.39832661014393,3.52026751349618,4.27231741737671,2.70768034592824,3.52198764458192,3.23879673597659,3.62994116299939,4.41734423085147,5.01052797606459,3.33770944762375,4.30733835853997,4.87765884967388,2.84876999936613,3.91184019142525,5.16716822502205,4.69149873207173
MKI67,0,0,0,0,0.00046418291279288,0,0,0.0278852969120723,0.0913400396078322,1.31784507011482,0.000152320378492741,0,0.000234020401319098,0.00262505676949441,0,0,0.0017786280788082,0
TOP2A,0.000183954988773174,0.000999834212687622,0.000917835598584525,0.000434684957072117,0.0027408234254486,0,0,0.013850701859002,0.109829167322102,1.75676537368073,0.0009976153566852,0.000601065674528118,0.00289997205543791,0.00483737169848923,0,0,0.00272250295641347,0.000869965142026842
UBE2C,0.00127931537136851,0.00424808037661623,0.00112007045024405,0.00269167308582438,0.00151031534380675,0.00294261643563547,0.00161276223621079,0.0262666095892512,0.0843696675732124,1.7630265894461,0.00100310597968439,0.000739776221683696,0.00105416060312014,0.00418647897878749,0.00301134314774645,0.00128111391545899,0.00244411438260799,0.000820372682416233
VEGFA,0.383822290109943,0.292293874223416,0.471361428052091,0.146625328781467,0.443080240728714,0.285220117179314,0.326288454679388,0.141578174490377,0.212600226609882,0.41381253817674,0.430997897295812,0.407073925995775,0.339583223913971,0.202253038011091,0.280952859616716,0.471376605998768,0.310674847213375,0.573516176192257
HIF1A,1.0212302942919,0.81021085038086,0.638385511040262,0.441685202532062,0.716894024316374,0.843807577087069,0.544989091896356,0.721059493734354,0.746488668718711,0.958772792801654,0.535963943561491,0.955819784228124,0.642890289238778,0.806057205013641,0.620883118927961,0.568491976554898,0.616821877629362,0.680889046937335
ANGPTL4,0.412329862650418,1.06568692063068,1.02762449131668,0.40760558270835,1.29533313795116,1.08702583548293,0.110808805797298,0.483613355805672,0.248613740086118,1.01466661042428,1.02925194491585,1.04328361666758,1.23541969465527,0.884277056211708,0.355757495244189,1.07363666043697,1.06844147167257,0.967070704824415
