cluster,HomC,HTC,FC,ProC,EC,state
0,0.791314207722746,-0.479619235402662,-0.337416640331379,-0.255360610194422,0.391245485427494,HomC
1,-0.16522014224699,-0.465950409928485,-0.474545593075076,-0.25231209257419,0.280751700457179,EC
10,0.431562089093219,-0.398782970420748,0.445071122216,-0.254896341162661,0.388884171268764,FC
11,0.0487789478700212,1.47288307523123,-0.418169176777041,-0.254021246658142,-1.4852440502581,HTC
12,0.198790590969141,0.178724031732752,0.125458109382246,-0.252610851168126,0.713551748555579,EC
13,-0.138981458801678,-0.400805682660454,-0.574735765195217,-0.254170157899727,0.35018743321371,EC
14,0.336901377924832,2.2473914984185,-0.488622541335795,-0.255240691877191,-1.03341014199438,HTC
15,-0.96420748741697,-0.444254784684443,-0.134452903577114,-0.19419698054591,-0.848411250166306,FC
16,-1.05113553459657,0.130094566587562,-0.657266389117534,-0.00163805047906109,-0.807420139026168,HTC
17,-0.298552682721013,-0.0346966872495302,0.838513115235996,3.99946053173765,0.884725978238337,ProC
2,0.42180457301982,-0.439506711251732,0.63082290541594,-0.254762134188725,0.0638140170354052,FC
3,-0.160744763948872,-0.408945162937549,-0.177096632111588,-0.255458206562213,0.885374802503374,EC
4,0.130129226741362,-0.362760628736031,0.592065407108576,-0.253097322062343,0.216069982397346,FC
5,0.128853961143125,0.107069956916157,1.02551444779702,-0.246438034446813,-0.142293234206982,FC
6,-0.0380853023595953,-0.38225244325705,-0.748466252379911,-0.254114832826869,-0.782285091559275,HomC
7,-0.470902258463442,-0.269477938601161,-0.439390852693434,-0.255507669111303,0.284362863005608,EC
8,0.491129561809923,0.0600840596538836,0.491963271402509,-0.250459066021183,-0.0688196581937191,FC
9,0.308565094260943,-0.10919453341024,0.300754368035807,-0.255176243958768,0.708915383302139,EC
