id,trait,chr,position,rsid,ea,nea,eaf,beta,se,p,n
eqtl-a-ENSG00000111424,ENSG00000111424,12,48164219,rs58067800,A,G,0.167422,-0.0663201,0.0159316,3.14369e-05,26487
eqtl-a-ENSG00000111424,ENSG00000111424,12,48238837,rs7975232,A,C,0.525239,-0.186133,0.0118153,6.50879e-56,26606
eqtl-a-ENSG00000111424,ENSG00000111424,12,48341619,rs10783222,G,C,0.510316,-0.145574,0.0118428,9.95176e-35,26608
eqtl-a-ENSG00000111424,ENSG00000111424,12,48578809,rs7485057,C,T,0.7458,0.201307,0.0135639,7.90861e-50,26609
eqtl-a-ENSG00000111424,ENSG00000111424,12,54685880,rs35979828,T,C,0.0571059,0.12901,0.0256261,4.79855e-07,24761
eqtl-a-ENSG00000111424,ENSG00000111424,17,37970365,rs12943633,T,C,0.0901586,0.0843719,0.0207685,4.85713e-05,26165
eqtl-a-ENSG00000111424,ENSG00000111424,2,43360065,rs28498283,T,A,0.254318,0.0656404,0.013656,1.53518e-06,21878
eqtl-a-ENSG00000111424,ENSG00000111424,20,42839620,rs4142441,G,A,0.156066,0.0804768,0.0163857,9.04274e-07,26524
eqtl-a-ENSG00000111424,ENSG00000111424,21,30717737,rs372883,C,T,0.494776,0.0551944,0.0118951,3.4841e-06,26609
eqtl-a-ENSG00000111424,ENSG00000111424,5,173205318,rs2594836,A,G,0.749651,-0.0588192,0.0137297,1.83561e-05,26494
eqtl-a-ENSG00000111424,ENSG00000111424,6,144385777,rs149110519,T,C,0.0526158,0.163208,0.0266223,8.76577e-10,20660
