"SNP","chr.exposure","pos.exposure","effect_allele.exposure","other_allele.exposure","eaf.exposure","beta.exposure","se.exposure","pval.exposure","F_statistic"
"rs10783222","12",48341619,"G","C",0.510316,-0.145574,0.0118428,9.95176e-35,151.09804349887
"rs12943633","17",37970365,"T","C",0.0901586,0.0843719,0.0207685,4.85713e-05,16.5038549027472
"rs149110519","6",144385777,"T","C",0.0526158,0.163208,0.0266223,8.76577e-10,37.5830255753796
"rs2594836","5",173205318,"A","G",0.749651,-0.0588192,0.0137297,1.83561e-05,18.3533831486258
"rs28498283","2",43360065,"T","A",0.254318,0.0656404,0.013656,1.53518e-06,23.104438666005
"rs35979828","12",54685880,"T","C",0.0571059,0.12901,0.0256261,4.79855e-07,25.3443826747089
"rs372883","21",30717737,"C","T",0.494776,0.0551944,0.0118951,3.4841e-06,21.5304862631243
"rs4142441","20",42839620,"G","A",0.156066,0.0804768,0.0163857,9.04274e-07,24.1218937336063
"rs58067800","12",48164219,"A","G",0.167422,-0.0663201,0.0159316,3.14369e-05,17.3289224021903
"rs7485057","12",48578809,"C","T",0.7458,0.201307,0.0135639,7.90861e-50,220.266573036306
"rs7975232","12",48238837,"A","C",0.525239,-0.186133,0.0118153,6.50879e-56,248.174552760043
